{
  "09:00": {
    "hour": 9,
    "minute": 0,
    "n": 70115,
    "atr_sum": 69872.83250156118,
    "up_count": 35142,
    "down_count": 34973,
    "high_vol_count": 61411
  },
  "09:30": {
    "hour": 9,
    "minute": 30,
    "n": 70752,
    "atr_sum": 37379.10719969619,
    "up_count": 33108,
    "down_count": 37644,
    "high_vol_count": 32491
  },
  "10:00": {
    "hour": 10,
    "minute": 0,
    "n": 70752,
    "atr_sum": 31281.65928195247,
    "up_count": 34792,
    "down_count": 35960,
    "high_vol_count": 21625
  },
  "10:30": {
    "hour": 10,
    "minute": 30,
    "n": 70752,
    "atr_sum": 25442.426826155446,
    "up_count": 33304,
    "down_count": 37448,
    "high_vol_count": 13646
  },
  "11:00": {
    "hour": 11,
    "minute": 0,
    "n": 70752,
    "atr_sum": 23015.65339472829,
    "up_count": 34743,
    "down_count": 36009,
    "high_vol_count": 10869
  },
  "11:30": {
    "hour": 11,
    "minute": 30,
    "n": 11792,
    "atr_sum": 0.0,
    "up_count": 11792,
    "down_count": 0,
    "high_vol_count": 0
  },
  "12:30": {
    "hour": 12,
    "minute": 30,
    "n": 70752,
    "atr_sum": 29696.446523158018,
    "up_count": 38391,
    "down_count": 32361,
    "high_vol_count": 18593
  },
  "13:00": {
    "hour": 13,
    "minute": 0,
    "n": 70752,
    "atr_sum": 19476.44705970917,
    "up_count": 32821,
    "down_count": 37931,
    "high_vol_count": 5598
  },
  "13:30": {
    "hour": 13,
    "minute": 30,
    "n": 70752,
    "atr_sum": 16421.811918379248,
    "up_count": 37162,
    "down_count": 33590,
    "high_vol_count": 3980
  },
  "14:00": {
    "hour": 14,
    "minute": 0,
    "n": 70752,
    "atr_sum": 16440.284106286857,
    "up_count": 37434,
    "down_count": 33318,
    "high_vol_count": 2440
  },
  "14:30": {
    "hour": 14,
    "minute": 30,
    "n": 70752,
    "atr_sum": 17099.76346823324,
    "up_count": 38277,
    "down_count": 32475,
    "high_vol_count": 3031
  },
  "15:00": {
    "hour": 15,
    "minute": 0,
    "n": 58960,
    "atr_sum": 15684.43405280463,
    "up_count": 31183,
    "down_count": 27777,
    "high_vol_count": 5495
  },
  "15:30": {
    "hour": 15,
    "minute": 30,
    "n": 11792,
    "atr_sum": 0.0,
    "up_count": 11792,
    "down_count": 0,
    "high_vol_count": 0
  }
}